year,to_country_id,to_country,performer,song,place_contest,sf_num,running_final,running_sf,place_final,points_final,place_sf,points_sf,points_tele_final,points_jury_final,points_tele_sf,points_jury_sf,composers,lyricists,lyrics,youtube_url,manually_replaced_url,performance_id,fraction_of_total_points,fraction_of_jury_points,fraction_of_tele_points,views,upload_date,likes,comments,video_title,fraction_of_views,view_rank,point_rank,weighted_average_total_rank,point_jury_rank,point_tele_rank,spotify_popularity,notes,spotify_rank
2009,no,Norway,Alexander Rybak,Fairytale,1,2,20,6,1,387,1,201,378,312,,,Alexander Rybak,,"Years ago, when I was younger\nI kinda liked a girl I knew\nShe was mine and we were sweethearts\nThat was then, but then it's true\n\nI'm in love with a fairytale\nEven though it hurts\n'Cause I don't care if I lose my mind\nI'm already cursed\n\nEvery day we started fighting\nEvery night we fell in love\nNo one else could make me sadder\nBut no one else could lift me high above\n\nI don't know what I was doing\nWhen suddenly, we fell apart\nNowadays, I cannot find her\nBut when I do, we'll get a brand new start\n\nI'm in love with a fairytale\nEven though it hurts\n'Cause I don't care if I lose my mind\nI'm already cursed\n\nShe's a fairytale, yeah...\nEven though it hurts\n'Cause I don't care if I lose my mind\nI'm already cursed",https://youtube.com/watch?v=WXwgZL4zx9o,,2009-no,0.158866995073892,0.132540356839422,0.15,80125013,20120412,1939107,51000,Alexander Rybak - Fairytale - LIVE | Norway üá≥üá¥ | Grand Final | Eurovision 2009,0.121331895487889,1,1,1.66666666666667,2,2,73,"Fixed, was not present",1
2004,ua,Ukraine,Ruslana,Wild Dances,1,0,10,11,1,280,2,256,,,,,Ruslana,Fayney;Jamie Maher;Oleksandr Ksenofontov;Ruslana;Sherena Dugani,"Just maybe I'm crazy\nThe world spins round and round and round\nShee ree kee dai, shee ree kee dam dei\nShee ree kee dai, shee kee ree a dam da\n\nI want you to want me\nAs I dance round and round and round\nShee ree kee dai, shee ree kee dam dei\nShee ree kee dai, shee kee ree a dam da\n\nForever and ever\nGo, go, go, wild dancers\n\nDai na, dai na, wanna be loved\nDai na, gonna take my wild chances\nDai na, dai na, freedom above\nDai na, dai na dei, I'm wild dancin'\n\nHey\n\nNapevno, daremno\nBula ya nadto chemna\nHey, shee kee dai, shee ree kee dam dei\nShee ree kee dai, shee kee ree a dam da\n\nDlya tebe, dlya sebe\nZastelyu tsile nebo\nHey... dam dei\nShee ree kee dai, shee kee ree a dam da\n\nBez zhalyu zapalyu\nGo, go, go, wild dancers\n\nDai na, dai na, wanna be loved\nDai na, gonna take my wild chances\nDai na, dai na, freedom above\nDai na, dai na dei, I'm wild dancin'\n\nHey... ho...\n\nDance forever, come and be mine\nDance together, till the end of time\nDance together\nGo, go, go, wild dancers\n\nDai na, dai na, wanna be loved\nDai na, gonna take my wild chances\nDai na, dai na, freedom above\nDai na, dai na dei, I'm wild dancin'\n\nHey, hey",https://youtube.com/watch?v=10XR67NQcAc,,2004-ua,0.134099616858238,,,28617517,20111019,163883,10000,Ruslana - Wild Dances | Ukraine üá∫üá¶ | Grand Final | Eurovision 2004,0.0867055187954942,3,1,1.83333333333333,,,56,Accurate,4
2006,fi,Finland,Lordi,Hard Rock Hallelujah,1,0,17,16,1,292,1,292,,,,,Mr. Lordi,,"Hard rock hallelujah\nHard rock hallelujah\n\nThe saints are crippled on this sinners' night\nLost are the lambs with no guiding light\nThe walls come down like thunder, the rocks about to roll\nIt's the Arockalypse, now bare your soul\n\nAll we need is lightning with power and might\nStriking down the prophets of false\nAs the moon is rising, give us the sign\nNow let us rise up in awe\n\nRock 'n' roll angels, bring that hard rock hallelujah\nDemons and angels all in one have arrived\nRock 'n' roll angels, bring that hard rock hallelujah\nIn God's creation, supernatural high\n\nThe true believers, thou shall be saved\nBrothers and sisters, keep strong in the faith\nOn the Day of Rockoning, it's who dares, wins\nYou will see the jokers soon'll be the new kings\n\nAll we need is lightning with power and might\nStriking down the prophets of false\nAs the moon is rising, give us the sign\nNow let us rise up in awe\n\nRock 'n' roll angels, bring that hard rock hallelujah\nDemons and angels all in one have arrived\nRock 'n' roll angels, bring that hard rock hallelujah\nIn God's creation, supernatural high\n\nWings on my back, I got horns on my head\nMy fangs are sharp and my eyes are red\nNot quite an angel or the one that fell\nNow choose to join us or go straight to hell\n\nHard rock hallelujah\nHard rock hallelujah\nHard rock hallelujah\nHard rock, yeah\n\nRock 'n' roll angels, bring that hard rock hallelujah\nDemons and angels all in one have arrived\nRock 'n' roll angels, bring that hard rock hallelujah\nIn God's creation, supernatural high\n\nHard rock, hallelujah",https://youtube.com/watch?v=gAh9NRGNhUU,,2006-fi,0.132486388384755,,,53986272,20111226,373317,28000,Lordi - Hard Rock Hallelujah - üá´üáÆ Finland - Grand Final - Eurovision 2006 Winner,0.163567919662445,1,2,2.33333333333333,,,55,Accurate (I think?),5
2012,se,Sweden,Loreen,Euphoria,1,2,17,11,1,372,1,181,343,296,,,Peter Bostr√∂m;Thomas G:son,,"Why, why can't this moment last forevermore?\nTonight, tonight eternity's an open door\nNo, don't ever stop doing the things you do\nDon't go, in every breath I take I'm breathing you\n\nEuphoria\nForever, till the end of time\nFrom now on, only you and I\nWe're going u-u-u-u-u-up...\nEuphoria\nAn everlasting piece of art\nA beating love within my heart\nWe're going u-u-u-u-u-up...\n\nWe are here, we're all alone in our own universe\nWe are free, where everything's allowed and love comes first\nForever and ever together, we sail into infinity\nWe're higher and higher and higher, we're reaching for divinity\n\nEuphoria\nForever, till the end of time\nFrom now on, only you and I\nWe're going u-u-u-u-u-up...\nEuphoria\nAn everlasting piece of art\nA beating love within my heart\nWe're going u-u-u-u-u-up...\n\nForever we sail into infinity\nWe're higher, we're reaching for divinity\nEuphoria... euphoria...\nWe're going u-u-u-u-u-up...\n\nEuphoria\nAn everlasting piece of art\nA beating love within my heart\nWe're going up...\nEuphoria... euphoria...\nWe're going u-u-u-u-u-up...",https://youtube.com/watch?v=Pfo-8z86x80,,2012-se,0.152709359605911,0.121510673234811,0.14022894521668,64289314,20120526,407063,29000,Loreen - Euphoria | Sweden üá∏üá™ | Live - Grand Final - Eurovision 2012,0.0973521754965088,2,3,3.33333333333333,4,4,70,Accurate,2
2004,cs,Serbia & Montenegro,¬é≈Ωeljko Joksimoviƒá,Lane Moje,2,0,5,20,2,263,1,263,,,,,≈Ωeljko Joksimoviƒá,Leontina Vukomanoviƒá,"Kad' na te pomislim\nBojim se da te opet zavolim\nU modre usne zarijem zube\nDa pravu bol zaboravim\n\nLane moje, ovih dana\nVi≈°e i ne tugujem\nPitam samo da l' si sama\nLjude koje ne ƒçujem\n\nLane moje, noƒáas kreni\nNije va≈æno bilo s kim\nNaƒëi nekog nalik meni\nDa te barem ne volim\n\n(Nek' neko drugi usne ti ljubi)\n(Da tebe lak≈°e prebolim)\n\nLane moje, ovih dana (Lane moje)\nVi≈°e i ne tugujem (Lane moje)\nPitam samo da l' si sama\nLjude koje ne ƒçujem\n\nLane moje, noƒáas kreni (Lane moje)\nNije va≈æno bilo s' kim\nNaƒëi nekog nalik meni\nDa te barem ne volim\nDa te vi≈°e ne volim",https://youtube.com/watch?v=z7OvpjplJ_8,,2004-cs,0.12595785440613,,,17506727,20111019,93347,6900,Zeljko Joksimovic - Lane Moje | Serbia & Montenegro | Grand Final | Eurovision 2004,0.0530419828857299,5,3,3.83333333333333,,,44,"Fixed, Too low of popularity",6
2015,se,Sweden,M√•ns Zelmerl√∂w,Heroes,1,2,10,13,1,365,1,217,279,363,,,Anton H√•rd af Segerstad;Joy Deb;Linnea Deb,,Don't tell the gods I left a mess\nI can't undo what has been done\nLet's run for cover\n\nWhat if I'm the only hero left\nYou better fire off your gun\nOnce and forever\n\nHe said go dry your eyes\nAnd live your life like there is no tomorrow son\nAnd tell the others\nTo go sing it like a hummingbird\nThe greatest anthem ever heard\n\nWe are the heroes of our time\nBut we're dancing with the demons in our minds\n\nWe are the heroes of our time\nHeroes\n\nBut were dancing with the demons in our minds\nHeroes\n\nWe are the heroes of our time\nHeroes\n\nBut were dancing with the demons in our minds\nHeroes\n\nThe crickets sing a song for you\nDon't say a word don't make a sound\nIt's lifes creation\n\nI make worms turn into butterflies\nWake up and turn this world around\nIn appreciation\n\nHe said I never left your side\nWhen you were lost I followed right behind\nWas your foundation\n\nNow go sing it like a hummingbird\nThe greatest anthem ever heard\nNow sing together\n\nWe are the heroes of our time\nHeroes\n\nBut we're dancing with the demons in our minds\nHeroes\n\nWe are the heroes\n\n(We keep dancing with the demons)\n(You could be a hero)\n\nNow go sing it like a hummingbird\nThe greatest anthem ever heard\nNow sing together\n\nWe are the heroes of our time\nHeroes\n\nBut we're dancing with the demons in our minds\nHeroes\n\nWe are the heroes of our time\nHeroes\n\nBut were dancing with the demons in our minds\nHeroes\n\nWe are the heroes,https://youtube.com/watch?v=5sGOwFVUU0I,,2015-se,0.157327586206897,0.14124513618677,0.120258620689655,53129053,20150523,417685,18000,M√•ns Zelmerl√∂w - Heroes (Sweden) - LIVE at Eurovision 2015 Grand Final,0.080452388893422,3,2,4.16666666666667,1,8,60,Accurate,4
2015,it,Italy,Il Volo,Grande Amore,3,,27,,3,292,,,366,292,,,Ciro Esposito;Francesco Boccia,,"Chiudo gli occhi e penso a lei\nIl profumo dolce della pelle sua\nE' una voce dentro che mi sta portando dove nasce il sole\nSole sono le parole\nMa se vanno scritte tutto pu√≤ cambiare\nSenza pi√π timore te lo voglio urlare questo grande amore\n\nAmore, solo amore √® quello che sento\nDimmi perch√© quando penso, penso solo a te\nDimmi perch√© quando vedo, vedo solo te\nDimmi perch√© quando credo, credo solo in te grande amore\n\nDimmi che mai\nChe non mi lascerai mai\nDimmi chi sei\nRespiro dei giorni miei d'amore\nDimmi che sai\nChe solo me sceglierai Ora lo sai\nTu sei il mio unico grande amore\n\nDimmi perch√© quando penso, penso solo a te\nDimmi perch√© quando amo, amo solo te\nDimmi perch√© quando vivo, vivo solo in te grande amore\n\nDimmi che mai\nChe non mi lascerai mai.\nDimmi chi sei\nRespiro dei giorni miei d'amore \nDimmi che sai\nChe non mi sbaglierei mai \nDimmi che sei\nChe sei il mio unico grande amore",https://youtube.com/watch?v=1TOMqZV2jA8,,2015-it,0.125862068965517,0.113618677042802,0.157758620689655,16921349,20150523,146305,11000,Il Volo - Grande Amore (Italy) - LIVE at Eurovision 2015 Grand Final,0.0256237006586456,9,6,4.41666666666667,5,1,58,"Fixed, was 36 but for a lower streamed version",5.5
2004,gr,Greece,Sakis Rouvas,Shake It,3,0,16,10,3,252,3,238,,,,,Nikos Terzis,Nektarios Tirakis,"Everytime you wanna play\nTurn me on, all the way\nCome to me and take the ride\nSkin on skin, it's pure delight\nGivin' me the passion, you're burning my heart\nGonna rock you till you drop\nBaby, you're the reason I'm feeling so hot\nWant you now, I just can't stop\n\nI would trade my life\nFor a night with you\nDriven by desire\nMake that move on me\nIt's time for you to see\nThat my world's on fire\n\nShake, shake, shake, shake, shake it, mi amor\nCrazy for love\nGive me some more\nShake, shake, shake, shake, shake it, mi amor\nCrazy for love\nGive me some more\nShake, shake, shake, shake, shake it, mi amor\nCrazy for love\nGive me some more\nForever\nYeah, yeah, yeah, yeah\n\nShake, shake, shake, shake, shake it, mi amor\nCrazy for love\nGive me some more\nShake, shake, shake, shake, shake it, mi amor\nCrazy for love\nGive me some more\nShake, shake, shake, shake, shake it, mi amor\nCrazy for love\nGive me some more\nForever\nYeah, yeah, yeah, yeah\n\nEveryday I can't resist\nNeed the taste of your lips\nDarlin', it's your body that's driving me nuts\nLet me in, I've got to touch\n\nI would trade my life\nFor a night with you\nDriven by desire\nMake that move on me\nIt's time for you to see\nThat my world's on fire\n\nShake, shake, shake, shake, shake it, mi amor\nCrazy for love\nGive me some more\nShake, shake, shake, shake, shake it, mi amor\nCrazy for love\nGive me some more\nShake, shake, shake, shake, shake it, mi amor\nCrazy for love\nGive me some more\nForever\nYeah, yeah, yeah, yeah\n\nShake, shake, shake, shake, shake it, mi amor\nCrazy for love\nGive me some more\nShake, shake, shake, shake, shake it, mi amor\nCrazy for love\nGive me some more\nShake, shake, shake, shake, shake it, mi amor\nCrazy for love\nGive me some more\nForever\nYeah, yeah, yeah, yeah\n\nShake, shake, shake, shake, shake it, mi amor\nCrazy for love\nGive me some more\nShake, shake, shake, shake, shake it, mi amor\nCrazy for love\nGive me some more\nShake, shake, shake, shake, shake it, mi amor\nCrazy for love\nGive me some more\nForever\nYeah, yeah, yeah, yeah\n\nShake, shake, shake",https://youtube.com/watch?v=asZwDUTEXls,,2004-gr,0.120689655172414,,,13621967,20111019,72614,4500,Sakis Rouvas - Shake It - üá¨üá∑ Greece - Grand Final - Eurovision 2004,0.0412719145322811,6,4,5.33333333333333,,,41,"Fixed, was missing",10
2007,rs,Serbia,Marija ≈†erifoviƒá,Molitva,1,0,17,15,1,268,1,298,,,,,Vladimir Graiƒá,Sa≈°a Milo≈°eviƒá Mare,"Ni oka da sklopim\nPostelja prazna tera san\nA ≈æivot se topi\nI nestaje brzo, k'o dlanom o dlan\n\nK'o razum da gubim\nJer stvarnost i ne primeƒáujem\nJo≈° uvek te ljubim\nJo≈° uvek ti slepo verujem\n\nK'o luda, ne znam kuda\nLjubavi se nove bojim\nA dane, ≈æive rane\nVi≈°e ne brojim\n\nMolitva, kao ≈æar na mojim usnama je\nMolitva, mesto reƒçi samo ime tvoje\nNebo zna, kao ja\nKoliko puta sam ponovila\nTo nebo zna, ba≈° kao ja\nDa je ime tvoje moja jedina molitva\n\nAl Bogu ne mogu lagati\nSve dok se molim\nA la≈æem ako ka≈æem\nDa te ne volim\n\nMolitva, kao ≈æar na mojim usnama je\nMolitva, mesto reƒçi samo ime tvoje\nNebo zna, ba≈° kao ja\nKoliko puta sam ponovila\nTo nebo zna, ba≈° kao ja\nDa je ime tvoje moja molitva\n(Molitva, molitva)\n\nI nebo zna, ba≈° kao ja\nKoliko puta sam ponovila\nTo nebo zna, ba≈° kao ja\nDa je ime tvoje moja jedina molitva\n\nDa je ime tvoje moja molitva",https://youtube.com/watch?v=FSueQN1QvV4,,2007-rs,0.110016420361248,,,26752562,20120112,190172,15000,Marija ≈†erifoviƒá - Molitva - üá∑üá∏ Serbia - Grand Final - Eurovision 2007,0.0810550673323134,4,6,5.91666666666667,,,42,"Fixed, was wrong name",7.5
2014,at,Austria,Conchita Wurst,Rise Like a Phoenix,1,2,11,6,1,290,1,169,311,224,,,Ali Zuckowski;Charlie Mason;Joey Patulka;Julian Maas,,"Waking in the rubble\nWalking over glass\nNeighbors say we‚Äôre trouble\nWell that time has passed\n\nPeering from the mirror\nNo, that isn‚Äôt me\nStranger getting nearer\nWho can this person be\n\nYou wouldn‚Äôt know me at all today\nFrom the fading light I fly\n\nRise like a phoenix\nOut of the ashes\nSeeking rather than vengeance\nRetribution\nYou were warned\nOnce I‚Äôm transformed\nOnce I‚Äôm reborn\nYou know I will rise like a phoenix\nBut you‚Äôre my flame\n\nGo about your business\nAct as if you‚Äôre free\nNo one could have witnessed\nWhat you did to me\n\nCause you wouldn‚Äôt know me today\nAnd you have got to see\nTo believe\nFrom the fading light I fly\n\nRise like a phoenix\nOut of the ashes\nSeeking rather than vengeance\nRetribution\nYou were warned\nOnce I‚Äôm transformed\nOnce I‚Äôm reborn\n\nI rise up to the sky\nYou threw me down but\nI‚Äôm gonna fly\n\nAnd rise like a phoenix\nOut of the ashes\nSeeking rather than vengeance\nRetribution\nYou were warned\nOnce I‚Äôm transformed\nOnce I‚Äôm reborn\nYou know I will rise like a phoenix\nBut you‚Äôre my flame",https://youtube.com/watch?v=QRUIava4WRM,,2014-at,0.135135135135135,0.104380242311277,0.144920782851817,15358135,20140510,80359,13000,Conchita Wurst - Rise Like a Phoenix (Austria) 2014 LIVE Eurovision Grand Final,0.0232565532402333,10,4,6.08333333333333,6,3,54,Accurate,8.5
2007,ua,Ukraine,Verka Serduchka,Dancing Lasha Tumbai,2,,18,,2,235,,,,,,,Andrei Danilko,,"Hello everybody, my name is Verka Serduchka \nMe English  nicht verstehen \nLet's speak dance \n\nSieben, sieben,  ai lju-lju \nSieben, sieben, ein, zwei \nSieben, sieben,  ai lju-lju \nEin, zwei, drei \n\nSieben, sieben,  ai lju-lju \nSieben, sieben, ein, zwei \nSieben, sieben,  ai lju-lju \nNur ein, zwei, drei \nTanzen \n\nIch lieben \nOoh ooh...\n\nSieben, sieben,  ai lju-lju \nSieben, sieben, ein, zwei \nSieben, sieben,  ai lju-lju \nNur ein, zwei, drei \n\nSieben, sieben,  ai lju-lju \nSieben, sieben, ein, zwei \nSieben, sieben,  ai lju-lju \nNur ein, zwei, drei \nTanzen \n\nTancjevat' khoro≈°o \nNu, nu, nu \nMaladci \n\nI want to see ‚Äì aha... \nI want to see ‚Äì aha... \nI want to see ‚Äì aha... \nI want to see \nI love you \n\nI want to see  ‚Äì Lasha Tumbai\nI want to see  ‚Äì Lasha Tumbai\nI want to see  ‚Äì Lasha Tumbai\nI want to see \nTanzen \n\nNaina nainuna... nai nananu nanuna...\nNaina nainuna... nai nananu nanuna...\nNaina nainuna... nai nananu nanuna...\nNaina nainuna...\n\nI want to see ‚Äì aha... \nI want to see ‚Äì aha... \nI want to see ‚Äì aha... \nI want to see \nI love you \n\nI want to see  ‚Äì Lasha Tumbai\nI want to see  ‚Äì Lasha Tumbai\nI want to see  ‚Äì Lasha Tumbai\nI want to see \nTanzen \n\nRuchki, ruchki ye \nNu, nu, nu  Helsinki\nUkrajina ‚Äì ce kruto? (Kruto) \nA Ukrajina ‚Äì ce kl'jovo? (Kl'jovo) \nTancuje  Europe \n\nNaina nainuna... nai nananu nanuna...\nNaina nainuna... nai nananu nanuna...\nNaina nainuna... nai nananu nanuna...\nNaina nainuna... nai nananu nanuna...\n\nNaina nainuna... nai nananu nanuna...\nNaina nainuna... nai nananu nanuna...\nNaina nainuna... nai nananu nanuna...\nNaina nainuna... nai nananu nanuna...\n\nOkay, happy end",https://youtube.com/watch?v=hfjHJneVonE,,2007-ua,0.0964696223316913,,,51771517,20120112,491588,36000,Verka Serduchka - Dancing Lasha Tumbai | Ukraine üá∫üá¶ | Grand Final - Eurovision 2007,0.15685764213278,2,10,7.41666666666667,,,59,"Fixed, 0 was incorrect",2.5
2008,ru,Russia,Dima Bilan,Believe,1,1,24,18,1,272,3,135,,,,,Jim Beanz,Dima Bilan,"Even when the thunder and storm begins\nI'll be standing strong like a tree in the wind\nNothing's gonna move this mountain\nOr change my direction\n\nI'm falling off the sky\nAnd I'm all alone\nThe courage that's inside's gonna break my fall\nNothing's gonna dim my light within\n\nBut if I keep going on\nIt will never be impossible\nNot today\n\n'Cause I've got something to believe in\nAs long as I'm breathing\nThere is not a limit to what I can dream\n\n'Cause I've got something to believe in\nMission to keep climbing\nNothing else can stop me if I just believe\nAnd I believe in me\n\nEven when the world tries to pull me down\nTell me that I can't, try to turn me around\nI won't let them put my fire out, without no\n\nBut if I keep going on\nIt will never be impossible\nNot today\n\nYes, I've got something to believe in\nAs long as I'm breathing\nThere is not a limit to what I can dream\n\n'Cause I've got something to believe in\nMission to keep climbing\nNothing else can stop me if I just believe\n\nAnd I believe I can do it all\nOpen every door\nTurn unthinkable to reality\nYou'll see, I can do it all and more\n\nBelieving, as long as I'm breathing\nThere is not a limit to what I can dream\nBelieving, mission to keep climbing\nNothing else can stop me if I just believe\nAnd I believe in me",https://youtube.com/watch?v=-72s4WzUcKI,,2008-ru,0.10906174819567,,,11742675,20120402,97453,9300,Dima Bilan - Believe - Russia üá∑üá∫ - Grand Final - Eurovision 2008,0.0355780247434423,9,7,7.83333333333333,,,41,Accurate,10
2006,ru,Russia,Dima Bilan,Never Let You Go,2,0,10,13,2,248,3,217,,,,,Alexander Lunyev,Irina Antonyan;Karen Kavaleryan,"Heavy clouds, no rain, and every move causes pain\nReady kiss, but no love, I feel I'm torn in half\nBurning look, but no heat, it's not you really need\nBaby, now it's happened with us\nWe are dancing on broken glass\nCan't stand no more\n\nNever, never let you go\nYou are the one I'm searching for\nFlesh of my flesh, bone of my bone\nLove's carving it in the stone\n\nNever, never let you go\nReturn the days we had before\nSoul of my soul, blood of my blood\nLove's carving it in my heart\n\nGentle words, no aim, it seems we're playing a game\nEasy smile, but no fun, sweet music for no one\nClose embrace, but no more, cold champagne we forgot to pour\nBaby, now it's happened with us\nWe are dancing on broken glass\nCan't stand no more\n\nNever, never let you go\nYou are the one I'm searching for\nFlesh of my flesh, bone of my bone\nLove's carving it in the stone\n\nNever, never let you go\nReturn the days we had before\nSoul of my soul, blood of my blood\nLove's carving it in my heart\n\nLove's carving it in my heart\nOoh... baby, now it's happened with us\nWe are dancing on broken glass\n(Can't stand no more)\n\nNever, never let you go\nYou are the one I'm searching for\nFlesh of my flesh, bone of my bone\nLove's carving it in the stone\n\nNever, never let you go\nReturn the days we had before\nSoul of my soul, blood of my blood\nLove's carving it in my heart\n\nNever, never let you go\nYou are the one I'm searching for\nFlesh of my flesh, bone of my bone\nLove's carving it in the stone\n\nNever, never let you go\nReturn the days we had before\nSoul of my soul, blood of my blood\nLove's carving it in my heart\n\nLove's carving it in my heart",https://youtube.com/watch?v=waYpnAexrUA,,2006-ru,0.112522686025408,,,7482467,20111226,61248,5300,Dima Bilan - Never Let You Go - Russia üá∑üá∫ - Grand Final - Eurovision 2006,0.0226704218645232,11,5,8,,,35,"Fixed, 0 was incorrect",17
2023,se,Sweden,Loreen,Tattoo,1,,9,,1,583,,,243,340,,,Jimmy Jansson;Jimmy Joker;Loreen;Moa Carlebecker;Peter Bostr√∂m;Thomas G:son,,Tattoo\n\nI don't wanna go\nBut baby we both know\nThis is not our time\nIt's time to say goodbye\n\nUntil we meet again\n'Cause this is not the end\nIt will come a day\nWhen we will find our way\n\nViolins playing and the angels crying\nWhen the stars align then I'll be there\n\nNo I don't care about them all\n'Cause all I want is to be loved\nAnd all I care about is you\nYou stuck on me like a tattoo\n\nNo I don't care about the pain\nI'll walk through fire and through rain\nJust to get closer to you\nYou stuck on me like a tattoo\n\nI'm letting my hair down\nI'm taking it cool\nYou got my heart in your hand\nDon't lose it my friend\nIt's all that I got\n\nViolins playing and the angels crying\nWhen the stars align then I'll be there\n\nNo I don't care about them all\n'Cause all I want is to be loved\nAnd all I care about is you\nYou stuck on me like a tattoo\n\nNo I don't care about the pain\nI'll walk through fire and through rain\nJust to get closer to you\nYou stuck on me like a tattoo\n\nOh I don't care about them all\n'Cause all I want is to be loved\nAnd all I care about is you\nYou stuck on me like a tattoo\n\nI don't care about the pain\nI'll walk through fire and through rain\nJust to get closer to you\nYou stuck on me like a tattoo\n\nAll I care about is love\nOh oh oh\nAll I care about is love\n\nYou —ïtuck on me like a t–∞ttoo,https://youtube.com/watch?v=BE2Fj0W4jP4,,2023-se,0.134022988505747,0.158434296365331,0.110254083484574,24679079,20230513,228219,43000,Loreen - Tattoo (LIVE) | EUROVISION WINNER | Sweden üá∏üá™ | Grand Final | Eurovision 2023,0.0193237578660632,13,4,8.16666666666667,2,15,83,Accurate,2
2017,pt,Portugal,Salvador Sobral,Amar Pelos Dois,1,1,11,9,1,758,1,370,376,382,197,173,Lu√≠sa Sobral,,"Se um dia algu√©m perguntar por mim\nDiz que vivi para te amar\nAntes de ti s√≥ existi\nCansado e sem nada p'ra dar\n\nMeu bem, ouve as minhas preces\nPe√ßo que regresses, que me voltes a querer\nEu sei que n√£o se ama sozinho\nTalvez devagarinho possas voltar a aprender\n\nMeu bem, ouve as minhas preces\nPe√ßo que regresses, que me voltes a querer\nEu sei que n√£o se ama sozinho\nTalvez devagarinho possas voltar a aprender\n\nSe o teu cora√ß√£o n√£o quiser ceder\nN√£o sentir paix√£o, n√£o quiser sofrer\nSem fazer planos do que vir√° depois\nO meu cora√ß√£o pode amar pelos dois",https://youtube.com/watch?v=Qotooj7ODCM,,2017-pt,0.155582922824302,0.156814449917898,0.154351395730706,14473388,20170513,140994,14000,Salvador Sobral - Amar Pelos Dois (Portugal) LIVE at the 2017 Eurovision Song Contest,0.0113326856814059,18,1,8.41666666666667,3,3,54,Accurate,20.5
2013,dk,Denmark,Emmelie de Forest,Only Teardrops,1,1,18,5,1,281,1,167,281,281,,,Julia Fabrin Jakobsen;Lise Cabble;Thomas Stengaard,,"The sky is red tonight\nWe're on the edge tonight\nNo shooting star to guide us\n\nEye for an eye, why tear each other apart?\nPlease tell me why, why do we make it so hard?\nLook at us now, we only got ourselves to blame\nIt's such a shame\n\nHow many times can we win and lose?\nHow many times can we break the rules?\nBetween us ‚Äì only teardrops\n\nHow many times do we have to fight?\nHow many times till we get it right?\nBetween us ‚Äì only teardrops\n\nSo come and face me now\nHere on the stage tonight\nLet's leave the past behind us\n\nEye for an eye, why tear each other apart?\nPlease tell me why, why do we make it so hard?\nLook at us now, we only got ourselves to blame\nIt's such a shame\n\nTell me\nHow many times can we win and lose?\nHow many times can we break the rules?\nBetween us ‚Äì only teardrops\n\nHow many times do we have to fight?\nHow many times till we get it right between us?\nOnly teardrops\n\n(Tell me now) What's gone between us has come between us\nOnly teardrops\n(Tell me now) What's gone between us has come between us\n\nHow many times can we win and lose?\nHow many times can we break the rules?\nBetween us ‚Äì only teardrops\n\nHow many times do we have to fight?\nHow many times till we get it right?\nBetween us ‚Äì only teardrops, only teardrops\nOh... only teardrops, only teardrops\n\nHow many times can we win and lose?\nHow many times can we break the rules?\nBetween us ‚Äì only teardrops\n\nHow many times do we have to fight?\nHow many times till we get it right?\nBetween us ‚Äì only teardrops",https://youtube.com/watch?v=p3f9v8ebuD4,,2013-dk,0.124226348364279,0.124226348364279,0.124226348364279,4343168,20130518,24313,4300,Emmelie de Forest - Only Teardrops (Denmark) - LIVE - 2013 Grand Final,0.00657678278145605,26,7,8.5,3,6,55,Accurate,7
2005,gr,Greece,Helena Paparizou,My Number One,1,,19,,1,230,,,,,,,Christos Dantis,Christos Dantis;Natalia Germanou,"You're my lover\nUndercover\nYou're my sacred passion and I have no other\n\nYou're delicious\nSo capricious\nIf I find out you don't want me, I'll be vicious\n\nSay you love me\nAnd you'll have me\nIn your arms forever and I won't forget it\n\nSay you miss me\nCome and kiss me\nTake me up to heaven and you won't regret it\n\nYou are the one\nYou're my number one\nThe only treasure I'll ever have\nYou are the one\nYou're my number one\nAnything for you 'cause you're the one I love\n\nYou're my lover\nUndercover\nYou're my sacred passion and I have no other\n\nYou're a fire\nAnd desire\nWhen I kiss your lips, you know, you take me higher\n\nYou're addiction\nMy conviction\nYou're my passion, my relief, my crucifixion\n\nNever leave me\nAnd believe me\nYou will be the sun into my raining season\n\nNever leave me\nAnd believe me\nIn my empty life you'll be the only reason\n\nYou are the one\nYou're my number one\nThe only treasure I'll ever have\nYou are the one\nYou're my number one\nAnything for you 'cause you're the one I love\n\nYou're my lover\nUndercover\nYou're my sacred passion and I have no other\n\nYou are the one\nYou're my number one\nThe only treasure I'll ever have\nYou are the one\nYou're my number one\nAnything for you 'cause you're the one I love\n\nYou're my lover\nUndercover\nYou're my sacred passion and I have no other",https://youtube.com/watch?v=ghQZojJWxKI,,2005-gr,0.101679929266136,,,4882220,20111127,23545,2000,Helena Paparizou - My Number One (Greece) 2005 Eurovision Song Contest,0.0147921784400001,16,9,8.83333333333333,,,60,Accurate,1
2006,ba,Bosnia & Herzegovina,Hari Mata Hari,Lejla,3,0,13,22,3,229,2,267,,,,,≈Ωeljko Joksimoviƒá,Dejan Ivanoviƒá;Fahrudin Pecikoza-Peca,"Niz polje vjetar miri≈°e\nI bol me prati kao sjena\nDa l' negdje za mnom uzdi≈°e≈°?\nGdje si od mene sakrivena?\n\nU kosu stavi ruzmarin\nI jedan cvijet kraj ≈°adrvana\nLejla, zar bi mogla ti drugog voljeti?\n\nAko te sutra zaprose\nZnaj tamo neƒáu biti ja\nLako se tuge oproste\nAl' samo ljubav nikada\n\nZar bi mogla ti drugog voljeti?\n\nGolube, moj golube\nNosi joj suze mjesto pjesme\nJa odlazim k'o da sam kriv\n≈†to voljeh onu koju ne smijem\n\nGolube, moj golube\nNosi joj suze mjesto pjesme\nOdlazim k'o da sam kriv\n≈†to voljeh tebe koju ne smijem\n\n≈†to voljeh tebe, Lejla\n(Golube, moj golube)",https://youtube.com/watch?v=SXlIN3mcsH4,,2006-ba,0.103901996370236,,,10121768,20111226,60640,4800,Hari Mata Hari - Lejla - Bosnia and Herzegovina - Grand Final - Eurovision 2006,0.0306669913244965,10,8,9.16666666666667,,,39,"Fixed, 0 was incorrect",13
2021,it,Italy,M√•neskin,Zitti e buoni,1,,24,,1,524,,,318,206,,,Damiano David;Ethan Torchio;Thomas Raggi;Victoria De Angelis,,"Zitti e buoni\n\nLoro non sanno di che parlo\nVestiti sporchi fra' di fango\nGiallo di siga' fra le dita\nIo con la siga' camminando\n\nScusami ma ci credo tanto\nChe posso fare questo salto\nAnche se la strada √® in salita\nPer questo ora mi sto allenando\n\nE buonasera signore e signori\nFuori gli attori\nVi conviene non fare pi√π errori\nVi conviene stare zitti e buoni\nQui la gente √® strana tipo spacciatori\n\nTroppe notti stavo chiuso fuori\nMo' li prendo a calci 'sti portoni\nSguardo in alto tipo scalatori\nQuindi scusa mamma se sto sempre fuori, ma\n\nSono fuori di testa ma diverso da loro\nE tu sei fuori di testa ma diversa da loro\nSiamo fuori di testa ma diversi da loro\nSiamo fuori di testa ma diversi da loro\n\nIo, ho scritto pagine e pagine\nHo visto sale poi lacrime\nQuesti uomini in macchina\nNon scalare le rapide\n\nScritto sopra una lapide\nIn casa mia non c'√® Dio\nMa se trovi il senso del tempo\nRisalirai dal tuo oblio\n\nE non c'√® vento che fermi\nLa naturale potenza\nDal punto giusto di vista\nDel vento senti l'ebrezza\n\nCon ali in cera alla schiena\nRicercher√≤ quell'altezza\nSe vuoi fermarmi ritenta\nProva a tagliarmi la testa perch√®\n\nSono fuori di testa ma diverso da loro\nE tu sei fuori di testa ma diversa da loro\nSiamo fuori di testa ma diversi da loro\nSiamo fuori di testa ma diversi da loro\n\nParla la gente purtroppo\nParla non sa di che cosa parla\nTu portami dove sto a galla\nChe qui mi manca l'aria\nParla la gente purtroppo\nParla non sa di che cosa parla\nTu portami dove sto a galla\nChe qui mi manca l'aria\n\nParla la gente purtroppo\nParla non sa di che cosa parla\nTu portami dove sto a galla\nChe qui mi manca l'aria\n\nSono fuori di testa ma diverso da loro\nE tu sei fuori di testa ma diversa da loro\nSiamo fuori di testa ma diversi da loro\nSiamo fuori di testa ma diver—ïi d–∞ loro",https://youtube.com/watch?v=RVH5dn1cxAQ,,2021-it,0.115826702033599,0.0910698496905393,0.140583554376658,105824257,20210522,1686272,98000,M√•neskin - Zitti E Buoni - Italy üáÆüáπ - Grand Final - Eurovision 2021,0.0828605605024421,1,8,10.3333333333333,20,7,75,"Was 61, another version had higher value",7
2015,ru,Russia,Polina Gagarina,A Million Voices,2,1,25,12,2,303,1,182,286,247,,,Gabriel Alares;Joakim Bj√∂rnberg;Katrina Noorbergen;Leonid Gutkin;Vladimir Matetsky,,We are the world's people\nDifferent yet we're the same\nWe believe\nWe believe in a dream\n\nPraying for peace and healing\nI hope we can start again\nWe believe\nWe believe in a dream\n\nSo if you ever feel love is fading\nTogether like the stars in the sky\nWe can sing\nWe can shine\n\nWhen you hear our voices call\nYou won't be lonely anymore\nA million voices\nYour heart is like a beating drum\nBurning brighter than the sun\nA million voices\n\nNow as the world is listening\nFrom cities and satellites\nWe believe\nWe believe\nIn a dream\n\nIf you ever feel love is fading\nTogether like the stars in the sky\nWe can sing\nWe can shine\n\nWhen you hear our voices call\nYou won't be lonely anymore\nA million voices\nYour heart is like a beating drum\nBurning brighter than the sun\nA million voices\n\nWhen I look around at these faces\nI can see the stars in the sky\nWe will sing\nWe will shine\n\n(When you hear our voices call\nYou won't be lonely anymore)\nA million voices\n\nSinging out\nSinging out\nOoh\nSinging out\nSinging out\nOoh\nSinging out\nA million voices\n\nSinging out\nSinging out\nOoh\nSinging out\nSinging out\nOoh\nSinging out\nA million voices\n\nA million voices,https://youtube.com/watch?v=Q2gbKglCL5s,,2015-ru,0.130603448275862,0.0961089494163424,0.123275862068966,32890069,20150519,297104,24000,Polina Gagarina - A Million Voices (Russia) - LIVE at Eurovision 2015: Semi-Final 1,0.0498048520066692,4,5,10.6666666666667,10,7,1,Unreliable,26
2024,ch,Switzerland,Nemo,The Code,1,,21,,1,591,,,226,365,,,Benjamin Jon Alasu;Lasse Midtsian Nymann;Linda Dale;Nemo Mettler,,"The Code\n\nWelcome to the show, let everybody know\nI'm done playing the game, I'll break out of the chains\nYou better buckle up, I'll pour another cup\nThis is my boh√®me, so drink it up, my friend\n\nUh, uhh\nThis story is my truth\n\nI, I went to hell and back to find myself on track\nI broke the code, oh ohh\nLike ammonites, I just gave it some time\nNow I found paradise\nI broke the code, oh ohh\n\nLet me tell you a tale about life\n'Bout the good and the bad, better hold on tight\nWho decides what's wrong, what's right\nEverything is balance, everything's light\nI got so much on my mind and I been awake all night\nI'm so pumped, I'm so psyched\nIt's bigger than me, I'm getting so hyped, like\n\nUhh\nLet me taste the lows and highs\nUhh\nLet me feel that burning fright\nThis story is my truth\n\nI, I went to hell and back to find myself on track\nI broke the code, oh ohh\nLike ammonites, I just gave it some time\nNow I found paradise\nI broke the code, oh ohh\n\nSomewhere between the 0's and 1's\nThat's where I found my kingdom come\nMy heart beats like a‚Ä¶\nSomewhere between the 0's and 1's\nThat's where I found my kingdom come\nMy heart beats like a drum\n\nI, I went to hell and back to find myself on track\nI broke the code, oh ohh\nLike ammonites, I just gave it some time\nNow I found par–∞di—ïe\nI broke the code, oh ohh",https://youtube.com/watch?v=CO_qJf-nW0k,,2024-ch,0.135862068965517,0.170083876980429,0.102540834845735,20414230,20240511,247318,51000,Nemo - The Code (LIVE) | Switzerlandüá®üá≠| Grand Final | Eurovision 2024,0.0159843743578164,15,3,10.6666666666667,1,23,85,Accurate,1
2004,tr,Turkey,Athena,For Real,4,,22,,4,195,,,,,,,G√∂khan √ñzoƒüuz;Hakan √ñzoƒüuz,,"Oh... come on up, come on up, come on up now\nWhat you doin', what you waitin' for?\nOh... it's time to push it, break it, rush it\nDon't ever let life pass you by\n\nAll I know is you don't want to be part of the crowd\nRealise yourself\n\nYou say it but don't feel it\nWhat you sayin' has no meanin'\nDon't hide your soul\nFor real, I'm for real\nCome on up\n\nI wanna bring you up\nI wanna bring you up\nI wanna bring you up\nI wanna bring you up\nDo you want? Do you want?\nUp, I wanna bring you up, up\nI wanna bring you up\n\nPlease, please, no questions, no answers\nNo more running around in circles\nAre you in? Are you out?\nDo you know your way out?\nLet me take you up in the sky\n\nFor real, I'm for real\nCome on up\n\nI wanna bring you up\nI wanna bring you up\nI wanna bring you up\nI wanna bring you up\nDo you want? Do you want?\nUp, I wanna bring you up, up\nI wanna bring you up\n\nI wanna bring you up\nI wanna bring you up\nI wanna bring you up\nI wanna bring you up\nDo you want? Do you want?\nUp, I wanna bring you up, up\nI wanna bring you...\n\nCome on, come on\nRisin' up now, risin' up now",https://youtube.com/watch?v=pipamUl14A4,,2004-tr,0.0933908045977011,,,12318604,20130225,92803,8800,Athena - For Real - T√ºrkiye üáπüá∑ - Grand Final - Eurovision 2004,0.0373229777641523,7,11,10.9166666666667,,,38,"Fixed, 20 was for a lower streamed version",14.5
2010,de,Germany,Lena,Satellite,1,,22,,1,246,,,243,187,,,John Gordon;Julie Frost,,"I went everywhere for you\nI even did my hair for you\nI bought new underwear, they're blue\nAnd I wore 'em just the other day\n\nLove, you know I'll fight for you\nI left on the porch light for you\nWhether you are sweet or cool\nI'm gonna love you either way\n\nLove, oh love, I gotta tell you how I feel about you\n'Cause I, oh I, can't go a minute without your love\nLike a satellite, I'm in orbit all the way around you\nAnd I would fall out into the night\nCan't go a minute without your love\n\nLove, I got it bad for you\nI saved the best I have for you\nYou sometimes make me sad and blue\nWouldn't have it any other way\n\nLove, my aim is straight and true\nCupid's arrow is just for you\nI even painted my toenails for you\nI did it just the other day\n\nLove, oh love, I gotta tell you how I feel about you\n'Cause I, oh I, can't go a minute without your love\nLike a satellite, I'm in orbit all the way around you\nAnd I would fall out into the night\nCan't go a minute without your...\nLove, oh love, I gotta tell you how I feel about you\n'Cause I, oh I, can't go a minute without your love\n\nWhere you go, I follow\nYou set the pace, we'll take it fast and slow\nI'll follow in your way\nYou got me, you got me\nA force more powerful than gravity\nIt's physics, there's no escape\n\nLove, my aim is straight and true\nCupid's arrow is just for you\nI even painted my toenails for you\nI did it just the other day\n\nLove, oh love, I gotta tell you how I feel about you\n'Cause I, oh I, can't go a minute without your love\nLike a satellite, I'm in orbit all the way around you\nAnd I would fall out into the night\nCan't go a minute without your...\nLove, oh love, I gotta tell you how I feel about you\n'Cause I, oh I, can't go a minute without your love\nLove, love, love, love, love",https://www.youtube.com/watch?v=7pL9vdpSvnY,yes,2010-de,0.108753315649867,0.0826702033598585,0.107001321003963,14249134,20160921,124263,34000,Lena - Satellite | Germany üá©üá™ | Grand Final | Eurovision 2010,0.0215772125650815,11,9,11,17,9,64,"Fixed, 0 was incorrect",3
2021,fr,France,Barbara Pravi,Voil√†,2,,20,,2,499,,,251,248,,,Barbara Pravi;Igit,Barbara Pravi;Igit;Lili Poe,"Voil√†\n\n√âcoutez moi\nMoi la chanteuse √† demi\nParlez de moi\n√Ä vos amours, √† vos amis\nParler leur de cette fille aux yeux noirs et de son r√™ve fou\nMoi c'que j'veux c'est √©crire des histoires qui arrivent jusqu'√† vous\nC'est tout\n\nVoil√†, voil√†, voil√†, voil√† qui je suis\nMe voil√† m√™me si mise √† nue j'ai peur, oui\nMe voil√† dans le bruit et dans le silence\n\nRegardez moi, ou du moins ce qu'il en reste\nRegardez moi, avant que je me d√©teste\nQuoi vous dire, que les l√®vres d'une autre ne vous diront pas\nC'est peu de chose mais moi tout ce que j'ai je le d√©pose l√†, voil√†\n\nVoil√†, voil√†, voil√†, voil√† qui je suis\nMe voil√† m√™me si mise √† nue c'est fini\nC'est ma gueule c'est mon cri, me voil√† tant pis\nVoil√†, voil√†, voil√†, voil√† juste ici\nMoi mon r√™ve mon envie, comme j'en cr√®ve comme j'en ris\nMe voil√† dans le bruit et dans le silence\n\nNe partez pas, j'vous en supplie restez longtemps\n√áa m'sauvera peut-√™tre pas, non\nMais faire sans vous j'sais pas comment\nAimez moi comme on aime un ami qui s'en va pour toujours\nJ'veux qu'on m'aime parce que moi je sais pas bien aimer mes contours\n\nVoil√†, voil√†, voil√†, voil√† qui je suis\nMe voil√† m√™me si mise √† nue c'est fini\nMe voil√† dans le bruit et dans la fureur aussi\nRegardez moi enfin et mes yeux et mes mains\nTout c'que j'ai est ici, c'est m–∞ gueule c'e—ït mon cri\nMe voil√†, me voil√†, me voil√†\nVoil√†, voil√†, voil√†, voil√†\n\nVoil√†",https://youtube.com/watch?v=Unj9WbeLzRU,,2021-fr,0.110300618921309,0.109637488947834,0.110963748894783,25236667,20210522,428831,31000,Barbara Pravi - Voil√† - LIVE - France üá´üá∑ - Grand Final - Eurovision 2021,0.0197603501514165,12,9,11.0833333333333,9,14,72,Accurate,8.5
2024,hr,Croatia,Baby Lasagna,Rim Tim Tagi Dim,2,,23,,2,547,,,337,210,,,Marko Puri≈°iƒá,,"Rim Tim Tagi Dim\n\nAy, I'm a big boy now\nI'm ready to leave, ciao, mama, ciao\nAy, I'm a big boy now\nI'm going away and I sold my cow\nBefore I leave, I must confess\nI need a round of decompress\nOne more time for all the good times\nRim tim tagi digi dim tim tim\n\nGonna miss you all but mostly the cat\nGonna miss my hay, gonna miss my bed\nMost of all, I'ma miss the dance\nSo come on y'all, let us prance\n\nNow don't call, don't write\nI'm leavin' with the first light\nDon't cry, but dance\nRim tim tagi digi dim tim tim\n\nThere's no going back\nMy presence fades to black\nYeah, there's no going back\nMy anxiety attacks\nRim tim tagi digi dim tim tagi digi\n\nI hope I find peace in the noise\nWanna become one of them city boys\nThey're all so pretty and so advanced\nMaybe they also know our dance\n\nBye mom, bye dad\nMeow, cat, please meow back\nDon't cry, just dance\nRim tim tagi digi dim tim tim\n\nThere's no going back\nMy presence fades to black\nYeah, there's no going back\nMy anxiety attacks\nRim tim tagi digi dim tim tagi digi\n\nThere's no going back\nMy presence fades to black\nThere's no going back\nMy anxiety attacks\nRim tim tagi digi dim tim tagi digi\n\nThere's no going back\nMy presence fades to black\nYeah, there's no going back\nMy anxiety attack—ï\nRim tim tagi digi dim tim t–∞gi digi dim",https://youtube.com/watch?v=YIBjarAiAVc,,2024-hr,0.125747126436782,0.097856477166822,0.152903811252269,12087316,20240511,247383,23000,Baby Lasagna - Rim Tim Tagi Dim (LIVE) | Croatia üá≠üá∑ | Grand Final | Eurovision 2024,0.00946438753385376,24,6,11.5,17,4,82,Accurate,3
2019,nl,Netherlands,Duncan Laurence,Arcade,1,2,12,16,1,498,1,280,261,237,140,140,Duncan de Moor;Joel Sj√∂√∂;Wouter Hardy,,"A broken heart is all that's left\nI'm still fixing all the cracks\nLost a couple of pieces when\nI carried it, carried it, carried it home\n\nI'm afraid of all I am\nMy mind feels like a foreign land\nSilence ringing inside my head\nPlease, carry me, carry me, carry me home\n\nI spent all of the love I saved\nWe were always a losing game\nSmall-town boy in a big arcade\nI got addicted to a losing game\n\nAah, aah\nOoh, ooh\nAll I know, all I know\nLoving you is a losing game\n\nHow many pennies in the slot?\nGiving us up didn't take a lot\nI saw the end before it begun\nStill I carried, I carried, I carry on\n\nAah, aah\nOoh, ooh\nAll I know, all I know\nLoving you is a losing game\n\nAah, aah\nOoh, ooh\nAll I know, all I know\nLoving you is a losing game\n\nI don't need your games, game over\nGet me off this rollercoaster\n\nAah, aah\nOoh, ooh\nAll I know, all I know\nLoving you is a losing game\n\nAah, aah\nOoh, ooh\nAll I know, all I know\nLoving you is a losing game",https://youtube.com/watch?v=R3D-r4ogr7s,,2019-nl,0.10470984020185,0.099663582842725,0.109756097560976,42151530,20190518,621034,25000,Duncan Laurence - Arcade - üá≥üá± Netherlands - Grand Final - Eurovision 2019,0.0330047146169474,5,13,12.1666666666667,15,16,77,Accurate,6
2022,ua,Ukraine,Kalush Orchestra,Stefania,1,1,12,6,1,631,1,337,439,192,202,135,Ihor Didenchuk;Tymofii Muzychuk;Vitalii Duzhyk,Ivan Klymenko;Oleh Psiuk,"Stefania\n\nStefania mamo mamo Stefania\nRozkvitaye pole, a vona syviye\nZaspivay meni mamo kolyskovu\nKhochu shche pochuty tvoye ridne slovo\n\nVona mene kolysala dala meni rytm i napevne sylu voli ne zabraty v mene, bo dala vona\nNapevne znala mozhe bil πshe i vid Solomona\nLamanymy dorohamy pryydu ya zavzhdy do tebe\nVona ne rozbudyt π, ne budyt π, mene v syl πni buri\nZabere v babuli dvi duli, niby vony kuli\nDuzhe dobre znala mene ne bula obmanuta, yak bula duzhe vtomlena, hoydala mene v takt\nLyuli lyuli lyuli‚Ä¶\n\nStefania mamo mamo Stefania\nRozkvitaye pole, a vona syviye\nZaspivay meni mamo kolyskovu\nKhochu shche pochuty tvoye ridne slovo\n\nYA ne v pelenakh no ma no ma, khvatyt π, yak by ya ne vyris na vyrist za rechi platyt π\nYA ne mala dytyna, vona dali nervy tratyt π, ya hulyav, shlyak by tebe trafyv\nTy vse moloda o mamo na piku, yakshcho ne tsinyu opiku na piku slavy meni v tupyku\nZabyvayte piku tsyu piku, ya by popik spik, svoyeyu lyubov ∫yu\nLyuli lyuli lyuli‚Ä¶\n\nStefania mamo mamo Stefania\nRozkvitaye pole, a vona syviye\nZaspivay meni mamo kolyskovu\nKhochu shche pochuty tvoye ridne slovo\n\nStefania mamo mamo Stefania\nRozkvitaye pole, a vona syviye\nZaspivay meni m–∞mo kolyskovu\nKhochu shche pochuty tvoye ridne —ïlovo",https://youtube.com/watch?v=F1fl60ypdLs,,2022-ua,0.135991379310345,0.0827586206896552,0.189224137931034,32952181,20220514,542523,100000,Kalush Orchestra - Stefania - LIVE - Ukraine üá∫üá¶ - Grand Final - Eurovision 2022,0.0258016098089677,8,2,12.4166666666667,26,1,62,"Fixed, was not present",12.5
2008,ua,Ukraine,Ani Lorak,Shady Lady,2,2,18,4,2,230,1,152,,,,,Dimitris Kontopoulos;Philipp Kirkorov,Karen Kavaleryan,"You've been my superstar\nBut it's not what you are\nYou've been my super hero\nSince I've lived in your shade\nEvery step that I made\nBrought me nothing but zero\n\nBut I'm staying alive\nAnd now I'm changin' my life\nWith a burning desire\nNo one knows who I am\nBut I don't give a damn\nGonna set you on fire\n\nShady lady ‚Äì I'm gonna strike like thunder\nAre you ready? I wanna make you wonder\nRollin' steady ‚Äì I'm gonna make you shiver\nMy heart is burning\n\nShady lady ‚Äì I'm gonna strike like thunder\nAre you ready? I wanna make you wonder\nRollin' steady ‚Äì I'm gonna make you shiver\nMy heart is burning now\n\nJust take a look at me\nDeep inside and you'll see\nAll I kept under cover\nThere is one thing I bet\nYou're about to regret\nI'm no longer your lover\n\nI've just turned one more page\nI belong to the stage\nBaby, don't call me baby\n\nShady lady ‚Äì I'm gonna strike like thunder\nAre you ready? I wanna make you wonder\nRollin' steady ‚Äì I'm gonna make you shiver\nMy heart is burning now\n\n(Shady lady)\n(Shady lady)\n\nI wanna light you up and leave you alone\nI am a brand new star that you've never known\nI wanna light you up and leave you alone\nI am a brand new star that you've never known\n\n(Shady lady)\n(Are you ready?)\n\nShady lady ‚Äì I'm gonna strike like thunder\nAre you ready? I wanna make you wonder\nRollin' steady ‚Äì I'm gonna make you shiver\nMy heart is burning now",https://youtube.com/watch?v=L6M300uBc7U,,2008-ua,0.0922213311948677,,,4702894,20120402,30009,2500,Ani Lorak - Shady Lady - üá∫üá¶ Ukraine - Grand Final - Eurovision 2008,0.0142488554863169,18,12,12.6666666666667,,,41,"Fixed, was missing",10
2018,il,Israel,Netta Barzilai,Toy,1,1,22,7,1,529,1,283,317,212,116,167,Doron Medalie;Jack White;Stav Beger,Doron Medalie;Stav Beger,"Ree, ouch, he, hm, la\nRee, ouch, he, hm, la\nRee, ouch, he, hm, la\n\nRee, ouch, he, hm, la\nRee, ouch, he, hm, la\nRee, ouch, he, hm, la\n\nLook at me, I'm a beautiful creature\nI don't care 'bout your modern-time preachers\nWelcome boys, too much noise, I will teach ya\nDrum pam pa ooh, drum pam pa ooh\n\nHey, I think you forgot how to play\nMy teddy bear's running away\nThe Barbie got something to say: Hey! Hey! Hey! Hey!\nMy 'Simon says' leave me alone\nI'm taking my Pikachu home\nYou're stupid just like your smartphone\n\nWonder Woman don't you ever forget\nYou're divine and he's about to regret\nHe's a bucka-mhm-buck-buck-buck-mhm boy\nBucka-mhm-buck-buck-buck\nI'm not your bucka-mhm-buck-mhm-buck-mhm\n\nI'm not your toy (Not your toy)\nYou stupid boy (Stupid boy)\nI'll take you down\nI'll make you watch me\nDancing with my dolls\nOn the MadaBaka Beat\nNot your toy (Kulului kululuu. Kulului kululuu)\n\nAh ah, ah ah, ani lo buba\nDon't you go and play with me boy!\nAh ah, ah ah, ani lo buba\nDon't you go and play‚Ä¶ Shake!\n\n(Kulului kululuu) Wedding bells ringing\n(Kulului kululuu) Money man bling-bling\nI don't care about your Stefa, baby\nDrum pam pa ooh, drum pam pa ooh\n\nWonder Woman don't you ever forget\nYou're divine and he's about to regret\nHe's a bucka-mhm-buck-buck-buck-mhm boy\nBucka-mhm-buck-buck-buck\nI'm not your bucka-mhm-buck-mhm-buck-mhm\n\nI'm not your toy (Not your toy)\nYou stupid boy (Stupid boy)\nI'll take you down\nI'll make you watch me\nDancing with my dolls\nOn the MadaBaka Beat\n\nI'll t-t-t-take you now\nW-w-w-with me now, boy\n\n(I'm not your toy)\nYou stupid boy\nI'll take you down\nI'll make you watch me\nDancing with my dolls\nOn the MadaBaka Beat\n\n(I'm not your toy) Look at me, I'm a beautiful creature\n(You stupid boy) I don't care about your modern time preachers\n(I'm not your toy) Not your toy, not your toy, not your toy, toy\nI'm not your toy, not your toy, not your toy, toy",https://youtube.com/watch?v=84LBjXaeKk4,,2018-il,0.106054530874098,0.0850040096230954,0.1271050521251,52169901,20180512,497655,118000,Netta - Toy - Israel - LIVE - Grand Final - Eurovision 2018,0.0408491149455168,2,11,13.8333333333333,24,11,63,"Fixed, wrong number",11
2023,fi,Finland,K√§√§rij√§,Cha Cha Cha,2,,13,,2,526,,,376,150,,,Aleksi Nurmi;Johannes Naukkarinen;Jukka Sorsa,Jere P√∂yh√∂nen,"Cha Cha Cha\n\nRankka viikko ja paljon pitkii p√§ivi√§ takan\nMielenkiintona pi√±a colada ja rata\nIlta on viel√§ nuori ja aikaa kumota\nT√§√§ j√§inen ulkokuori on aika tuhota\n\nPid√§n kaksin k√§sin kiinni juomista niinku\nCha, cha, cha, cha, cha, cha, cha, ei\nEn mieti huomista ku tartun tuopista niinku\nCha, cha, cha, cha, cha, cha, cha, ei\nHaluun olla sekasin ja vapaa huolista niinku\nCha, cha, cha, cha, cha, cha, cha, ei\nJa m√§ jatkan kunnes en en√§√§ pysy tuolissa niinku\n\nMuutama pi√±a colada on jo takana\nSilti mul on viel√§ naamataulu vakava, yeah, yeah, ye, ye, yeah\nIlta on viel√§ nuori ja aikaa kumota\nT√§√§ j√§inen ulkokuori on aika tuhota\nParketti kutsuu mua ku en oo en√§√§ lukossa\nNiinku cha cha cha m√§ oon tulossa\n\nPid√§n kaksin k√§sin kiinni juomista niinku\nCha, cha, cha, cha, cha, cha, cha, ei\nEn mieti huomista ku tartun tuopista niinku\nCha, cha, cha, cha, cha, cha, cha, ei\nHaluun olla sekasin ja vapaa huolista niinku\nCha, cha, cha, cha, cha, cha, cha, ei\nJa m√§ jatkan kunnes en en√§√§ pysy tuolissa niinku vou\n\nNyt l√§hden tanssimaan\nNiinku cha cha cha\nEnk√§ pelk√§√§k√§√§n t√§t√§ maailmaa\nNiinku cha cha cha\nKun m√§ kaadan p√§√§lleni samppanjaa\n\nCha, cha, cha\nToinen silm√§ jo karsastaa\nJa puhe sammaltaa ku t√§√§ toinen puoli must vallan saa\nCha, cha, cha\nEn oo arkena t√§√§ mies laisinkaan\nEn oo mut t√§n√§√§n oon se mies, t√§n√§√§n oon se mies\n\nNyt l√§hden tanssimaan\nNiinku cha cha cha\nEnk√§ pelk√§√§k√§√§n t√§t√§ maailmaa\nNiinku cha cha cha\nKun m√§ kaadan p√§√§lleni —ïamppanjaa\n\nNiinku cha cha cha\nCha, cha, cha, cha, cha, cha, cha, aha\nNiinku cha cha cha\nCha, cha, cha, cha, cha, cha, cha\nCha, cha, cha, cha, cha, cha, ch–∞",https://youtube.com/watch?v=l6rS8Dv5g-8,,2023-fi,0.120919540229885,0.0698974836905871,0.17059891107078,34018508,20230513,362983,41000,K√§√§rij√§ - Cha Cha Cha (LIVE) | Finland üá´üáÆ | Grand Final | Eurovision 2023,0.0266365455354608,7,7,14.5833333333333,34,2,72,Accurate,8.5
2014,se,Sweden,Sanna Nielsen,Undo,3,1,13,4,3,218,2,131,190,201,,,David Kreuger;Fredrik Kempe;K-One,,"Silent I just stood there silent\nWorking up a storm inside my head\nNothing I just stood for nothing\nSo I fell for everything you said\n\nHear the rumble\nHear my voice\n\nSilent I can't wait here silent\nGotta make a change \nAnd make some noise\n\nUndo my sad\nUndo what hurts so bad\nUndo my pain\nGonna get out, through the rain\nI know that I am over you\nAt last I know what I should do\nUndo my sad\n\nTrouble baby I'm in throuble\nEverytime I look into your eyes\nSave me oh I'm gonna save me \nFaraway from all the crazy lies\n\nHear the rumble\nHear my voice\n\nUndo my sad\nUndo what hurts so bad\nUndo my pain\nGonna get out, through the rain\nI know that I am over you\nAt last I know what I should do\nUndo my sad",https://youtube.com/watch?v=5PQJI-3LW-8,,2014-se,0.101584342963653,0.0936626281453868,0.0885368126747437,6940110,20140510,49751,3300,Sanna Nielsen - Undo (Sweden) LIVE Eurovision Song Contest 2014 Grand Final,0.010509286297332,17,12,15.1666666666667,13,18,50,Accurate,12
2008,gr,Greece,Kalomira,Secret Combination,3,1,21,19,3,218,1,156,,,,,Konstantinos Pantzis,Poseidon Giannopoulos,"Can you see it?\nCan you see it you have to discover me?\nWhat goes wrong when I am crying\nOr what I want when I'm smiling\n\nCan you feel it?\nCan you feel it that I'm not a little girl?\nYou're misunderstanding my way\nAnd all the roles that I like to play\n\nMy secret combination ‚Äì it's a mystery for you\nUse your imagination, I'm not easy, but I'm true\nMy secret combination ‚Äì boy, you have to try it hard\nTo win a destination in the centre of my heart\n\nMy secret combination ‚Äì it's a mystery for you\nUse your imagination, I'm not easy, but I'm true\nMy secret combination ‚Äì boy, you have to try it hard\nTo win a destination in the centre of my heart\n\nAn open book\nAn open book, well, I'm sorry, I am not\nSometimes I'm acting like a lady\nSometimes woman, sometimes baby\n\nMy secret combination ‚Äì it's a mystery for you\nUse your imagination, I'm not easy, but I'm true\nMy secret combination ‚Äì boy, you have to try it hard\nTo win a destination in the centre of my heart\n\nMy secret combination ‚Äì it's a mystery for you\nUse your imagination, I'm not easy, but I'm true\nMy secret combination ‚Äì boy, you have to try it hard\nTo win a destination in the centre of my heart\n\nMy secret combination ‚Äì it's a mystery for you\nUse your imagination, I'm not easy, but I'm true\nMy secret combination ‚Äì boy, you have to try it hard\nTo win a destination in the centre of my heart\nTo win a destination in the centre of my heart",https://youtube.com/watch?v=4HIk_7ZTBkM,,2008-gr,0.0874097834803528,,,5454680,20120403,34347,2400,Kalomira - Secret Combination - Greece üá¨üá∑ - Grand Final - Eurovision 2008,0.0165266210644133,14,13,15.25,,,21,"Fixed, 0 was incorrect",25.5
2015,be,Belgium,Lo√Øc Nottet,Rhythm Inside,4,1,13,3,4,217,2,149,195,217,,,Lo√Øc Nottet;Luuk Cox,Beverly Jo Scott,"Listen to the sound of thunder\nRolling in the soul down under\nFar beneath the skin it rumbles\nStep to the step of the drum that rolls inside\n\nBe you enemy or lover\nWe are put here to discover\nThe heart that beats within each other\nWe gonna ra-pa-pab, ra-pa-pab\nWe gonna ra-pa-pab tonight\n\nAnd if we die tomorrow\nWhat'll we have to show?\nFor the wicked ways down below\nThe rhythm inside is telling us\n\nWe can fly tomorrow\nOn the beautiful wind that blows\nOn a cosmic track, love attack\nI'm gonna get that rhythm back\n\nBe you enemy or brother\nWe were put here to discover\nThe heart that beats within each other\nWe gonna ra-pa-pab, ra-pa-pab\nWe gonna ra-pa-pab tonight\n\nAnd if we die tomorrow\nWhat'll we have to show?\nFor the wicked ways down below\nThe rhythm inside is telling us\n\nWe can fly tomorrow\nOn the beautiful wind that blows\nOn a cosmic track, love attack\nI'm gonna get that rhythm back\n\nGonna ra-pa-pab, ra-pa-pab\nWe gonna ra-pa-pab tonight\nWe gonna ra-pa-pab, ra-pa-pab\nWe gonna ra-pa-pab tonight\n\nWe gonna ra-pa-pab, ra-pa-pab\nWe gonna ra-pa-pab tonight\nWe gonna ra-pa-pab, ra-pa-pab\nWe gonna ra-pa-pab tonight\n\nAnd if we die tomorrow\nWhat'll we have to show?\nFor the wicked ways down below\nThe rhythm inside is telling us\n\nWe can fly tomorrow\nOn the beautiful wind that blows\nOn a cosmic track, love attack\nI'm gonna get that rhythm back",https://youtube.com/watch?v=IjH-HYAFICg,,2015-be,0.0935344827586207,0.0844357976653697,0.084051724137931,17233222,20150519,205815,12000,Lo√Øc Nottet - Rhythm Inside (Belgium) - LIVE at Eurovision 2015: Semi-Final 1,0.0260959644477509,8,14,15.4166666666667,16,21,51,Accurate,10.5
2007,ru,Russia,Serebro,Song # 1,3,,15,,3,207,,,,,,,Maxim Fadeev,Daniil Babichev,"It's a dirty money track, yeah\nGirls, kick the flow\nListen to me\nAll my girls, get ready\nWe'll make it easy\n\nWhen I catch you pickin' me\nYou better get a chill\nBoy, you wanna take on me\n'Cause I'm your killin' pill\n\nCan't you see the way I move\nMy dress, my flashy skin?\nListen up, you know I got\nThe place you've never been\n\nSlow down (Slow down)\nBoy, you don't wanna let me down\nYou better stop, you know what?\n\nOh, don't call me funny bunny\nI'll blow your money, money\nI'll get you to my bad ass spinnin' for you\nOh, I'll make it easy, honey\nI'll take your money, yummy\nI've got my bitches standin' up next to me\n\nSo come and check it\nSo come and check it\nSo come and check it\nMy bad ass spinnin' for you\n\nSo come and check it\nSo come and check it\nSo come and check it\nMy bad ass spinnin' for you (Watch out)\n\nKeep on takin' over you\nIt's kinda gettin' free\nBaby boy, you know I still\nGot sexy freak in me\n\nGotta tease you, nasty guy\nSo take it, don't be shy\nPut your cherry on my cake\nAnd taste my cherry pie\n\nSlow down (Slow down)\nBoy, you don't wanna let me down\nYou better stop, you know what?\n\nOh, don't call me funny bunny\nI'll blow your money, money\nI'll get you to my bad ass spinnin' for you\nOh, I'll make it easy, honey\nI'll take your money, yummy\nI've got my bitches standin' up next to me\n\nMaybe I'll take you with me tonight\nMaybe you'll show me another way\nAnd find a reason for me to stay\nBut something I must tell you:\n\nFeel my vibration\nGet it\n\nOh, don't call me funny bunny\nI'll blow your money, money\nI'll get you to my bad ass spinnin' for you\nOh, I'll make it easy, honey\nI'll take your money, yummy\nI've got my bitches standin' up next to me\n\nSo come and check it\nSo come and check it\nSo come and check it\nMy bad ass spinnin' for you\n\nSo come and check it\nSo come and check it\nSo come and check it\nMy bad ass spinnin' for you",https://youtube.com/watch?v=MVPez6Zvr8g,,2007-ru,0.0849753694581281,,,4696983,20120111,35342,2400,Serebro - Song 1 - üá∑üá∫ Russia - Grand Final - Eurovision 2007,0.0142309463042729,19,14,15.5,,,34,"Fixed, was missing",18
2019,it,Italy,Mahmood,Soldi,2,,22,,2,472,,,253,219,,,Charlie Charles;Dario Faini;Mahmood,,"In periferia fa molto caldo\nMamma stai tranquilla, sto arrivando\nTe la prenderai per un bugiardo\nTi sembrava amore ma era altro\nBeve champagne sotto Ramadan\nAlla TV danno Jackie Chan\nFuma narghil√®, mi chiede come va\n\nMi chiede come va, come va, come va\nSai gi√† come va, come va, come va\nPenso pi√π veloce per capire\nSe domani tu mi fregherai\nNon ho tempo per chiarire\nPerch√© solo ora so cosa sei\n√à difficile stare al mondo\nQuando perdi l'orgoglio\nLasci casa in un giorno\nTu dimmi se\n\nPensavi solo ai soldi, soldi\nCome se avessi avuto soldi, soldi\nDimmi se ti manco o te ne fotti, fotti\nMi chiedevi come va, come va, come va\nAdesso come va, come va, come va\n\nCi√≤ che devi dire non l'hai detto\nTradire √® una pallottola nel petto\nPrendi tutta la tua carit√†\nMenti a casa ma lo sai che lo sa\nSu una sedia lei mi chieder√†\n\nMi chiede come va, come va, come va\nSai gi√† come va, come va, come va\nPenso pi√π veloce per capire\nSe domani tu mi fregherai\nNon ho tempo per chiarire\nPerch√© solo ora so cosa sei\n√à difficile stare al mondo\nQuando perdi l'orgoglio\nHo capito in un secondo\nChe tu da me\n\nVolevi solo soldi, soldi\nCome se avessi avuto soldi, soldi\nPrima mi parlavi fino a tardi, tardi\nMi chiedevi come va, come va, come va\nAdesso come va, come va, come va\n\nWaladi waladi habibi ta'aleena*\nMi dicevi giocando, giocando con aria fiera\nWaladi waladi habibi, sembrava vera\nLa voglia, la voglia di tornare come prima\n\nIo da te non ho voluto soldi\n√à difficile stare al mondo\nQuando perdi l'orgoglio\nLasci casa in un giorno\nTu dimmi se\n\nVolevi solo soldi, soldi\nCome se avessi avuto soldi, soldi\nLasci la citt√† ma nessuno lo sa\nIeri eri qua, ora dove sei pap√†?\nMi chiedi come va, come va, come va\nSai gi√† come va, come va, come va\n\n\n\n\n\n* ""Waladi waladi habibi ta'aleena"" (ŸàŸÑÿØŸä, ŸàŸÑÿØŸä, ÿ≠ÿ®Ÿäÿ®Ÿä ÿ™ÿπÿßŸÑ ŸáŸÜÿß)\nLa frase significa: ""Figlio mio, figlio mio, amore, vieni qua""",https://youtube.com/watch?v=M-aoyPa41Ic,,2019-it,0.0992430613961312,0.092094196804037,0.106391925988225,30636101,20190518,404693,23000,Mahmood - Soldi - Italy üáÆüáπ - Grand Final - Eurovision 2019,0.0239881155080487,11,18,15.5,18,18,66,"Fixed, 0 was incorrect",10
2008,am,Armenia,Sirusho,"Qele, Qele",4,1,5,14,4,199,2,139,,,,,H.A. Der-Hovagimian,Sirusho,"Yes im hay hoghits\nEka berem\nHove sareri\nLuyse arevi\n\nYou wanna be with me\nYou think and dream of me\nCome qele, move qele\n\nInstead of watching me\nYou should be reaching me\nCome qele, move qele\n\n(Qe... qe... qe... qele)\n\nQele, qele\nQele, qele\nQele, qele\nQele...\n\nTime is here tonight\nYou should make it right\nTo end our fight\nJust hold me tight\n\nHold me tight\nHold me tight, qele...\n\nYou wanna be with me\nYou think and dream of me\nCome qele, move qele\n\nInstead of watching me\nYou should be reaching me\nCome qele, move qele\n\n(Qe... qe... qe... qele)\n\nQele, qele\nQele, qele\nQele, qele\nQele...\n\nTime is here tonight\nYou should make it right\nTo end our fight\nJust hold me tight\n\nQele...\nQele...\n\n(Qele, qele, qele)\n\nQele, qele\nQele, qele\nQele, qele\nQele...\n\nTime is here tonight\nYou should make it right\nTo end our fight\nJust hold me tight\n\n(Qe... qe... qe... qele)",https://youtube.com/watch?v=bridO-wD7c8,,2008-am,0.0797914995990377,,,5659410,20160913,32056,2900,"Sirusho - Qele, Qele (Armenia) Live 2008 Eurovision Song Contest",0.0171469132044687,13,18,16.1666666666667,,,40,"Fixed, was missing",12
2017,bg,Bulgaria,Kristian Kostov,Beautiful Mess,2,2,25,15,2,615,1,403,337,278,204,199,Alex Omar;Alexander V. Blay;Borislav Milanov;Joacim Persson;Sebastian Arman,,"When the world shakes us\nTrying to take us out of line\nFear of tomorrow\nFeelings we borrow for a time\n\nWater so deep, how do we breathe?\nHow do we climb?\nSo we stay in this mess\nThis beautiful mess tonight\n\nAnd we don't have a thing to lose\nNo matter what they say or do\nI don't want nothing more\nOur love is untouchable\n\nEven in the line of fire\nWhen everything is on the wire\nEven up against the wall\nOur love is untouchable\n\nOur love is untouchable\n\nWhen the colours turn grey\nAnd the lights all fade to black again\nWe're in over our heads\nBut somehow we make it back again\n\nWater so deep, how do we breathe?\nHow do we climb?\nSo we stay in this mess\nThis beautiful mess tonight\n\nAnd we don't have a thing to lose\nNo matter what they say or do\nI don't want nothing more\nOur love is untouchable\n\nEven in the line of fire\nWhen everything is on the wire\nEven up against the wall\nOur love is untouchable\n\nEven in the line of fire\nWhen everything is on the wire\nEven up against the wall\nOur love is untouchable",https://youtube.com/watch?v=OMmm-G078LM,,2017-bg,0.126231527093596,0.114121510673235,0.138341543513957,6284126,20170513,106223,8500,Kristian Kostov - Beautiful Mess (Bulgaria) LIVE at the 2017 Eurovision Song Contest,0.00492048059102337,46,5,16.6666666666667,7,9,50,ccurate,22
2016,ua,Ukraine,Jamala,1944,1,2,21,14,1,534,2,287,323,211,152,135,Jamala,,"When strangers are coming\nThey come to your house\nThey kill you all and say\nWe're not guilty, not guilty\n\nWhere is your mind? Humanity cries\nYou think you are gods but everyone dies\nDon't swallow my soul\nOur souls\n\nYa≈ülƒ±ƒüƒ±ma toyalmadƒ±m\nMen bu yerde ya≈üalmadƒ±m\nYa≈ülƒ±ƒüƒ±ma toyalmadƒ±m\nMen bu yerde ya≈üalmadƒ±m\n\nWe could build a future\nWhere people are free\nTo live and love\nThe happiest time, our time\n\nWhere is your heart? Humanity rise\nYou think you are gods but everyone dies\nDon't swallow my soul\nOur souls\n\nYa≈ülƒ±ƒüƒ±ma toyalmadƒ±m, ooh\nMen bu yerde ya≈üalmadƒ±m\nYa≈ülƒ±ƒüƒ±ma toyalmadƒ±m\nMen bu yerde ya≈üalmadƒ±m\n\nYa≈ülƒ±ƒüƒ±ma toyalmadƒ±m, oh, oh\nMen bu yerde ya≈üalmadƒ±m\nYa≈ülƒ±ƒüƒ±ma toyalmadƒ±m\nVatanƒ±ma toyalmadƒ±m",https://youtube.com/watch?v=B-rnM-MwRHY,,2016-ua,0.109605911330049,0.0866174055829228,0.132594417077176,31417459,20160514,342891,52000,Jamala - 1944 - üá∫üá¶ Ukraine - Grand Final - Eurovision 2016,0.0245999200571046,10,10,16.8333333333333,23,10,48,Accurate,25
2022,es,Spain,Chanel,SloMo,3,,10,,3,459,,,228,231,,,,,,https://www.youtube.com/watch?v=jSQYTt4xg3I,,2022-es,0.0989224137931034,0.0995689655172414,0.0982758620689655,40412886,20220514,435505,75000,Chanel - SloMo - LIVE - Spain üá™üá∏ - Grand Final - Eurovision 2022,0.0316433536167544,6,19,17.3333333333333,16,26,61,"Fixed, was inaccurate",14
2024,fr,France,Slimane,Mon amour,4,,25,,4,445,,,227,218,,,Me√Ør Salah;Slimane;Yaacov Salah,Slimane,"Mon amour\n\nMon amour\nDis-moi √† quoi tu penses\nSi tout √ßa a un sens\nD√©sol√© si je te d√©range\n\nMon amour\nTe souviens-tu de nous ?\nDu premier rendez-vous ?\nC'√©tait beau, c'√©tait fou\n\nJe t'aime\nJ'sais pas pourquoi\nJe rejoue la sc√®ne\nMais c'est toujours la m√™me fin qui recommence\nTu n'entends pas\nMa peine, on en fait quoi ?\nEst-ce que tu m'aimes ou pas ?\n\nMon amour\nJe ferai tout ce que je peux\nUn oc√©an dans le feu\nL'impossible si tu le veux\n\nOh Mon amour\nAllez reviens √† Paris\nFais-le pour nous je t'en supplie\nJe le promets j'ai compris\n\nJe t'aime\nJ'sais pas pourquoi\nJe rejoue la sc√®ne\nMais c'est toujours la m√™me fin qui recommence\nTu n'entends pas\nMa peine, on en fait quoi ?\nEst-ce que tu m'aimes ou pas ?\n\nDis-moi l'endroit, je t'attendrai\nEt si tu ne viens pas, je t'attendrai\nC'est b√™te je sais, je le ferai\nRempli d'espoir je t'attendrai\n\nJe t'aime\nJ'sais pas pourquoi\nJe rejoue la sc√®ne\nMais c'est toujours la m√™me fin qui recommence\nTu n'entends pas\nMa peine, on en fait quoi ?\nEst-ce que tu m'aimes\n\nEst-ce que tu m'aimes ?\nEst-ce que tu m'aimes ?\nEst-ce que tu m'aimes ?\nOu p–∞—ï ?",https://youtube.com/watch?v=-XyLecY2JyE,,2024-fr,0.102298850574713,0.101584342963653,0.102994555353902,8662709,20240511,215016,14000,Slimane - Mon Amour (LIVE) | France üá´üá∑ | Grand Final | Eurovision 2024,0.00678291483973802,36,15,17.6666666666667,12,21,81,Accurate,4
